<?xml version="1.0" encoding="UTF-8" standalone="yes"?>
<addon id="repository.codehammerKodiAddons" name="Codehammers Kodi Addons" version="0.0.1" provider-name="Alexander Schneider">
	<extension point="xbmc.addon.repository" name="OBD2 Kodi">
		<info compressed="false">https://raw.githubusercontent.com/codehammer2050/repository.codehammerKodiAddons/master/zips/addons.xml</info>
		<checksum>https://raw.githubusercontent.com/codehammer2050/repository.codehammerKodiAddons/master/zips/addons.xml.md5</checksum>
		<datadir zip="true">https://raw.githubusercontent.com/codehammer2050/repository.codehammerKodiAddons/master/zips/</datadir>
	</extension>
	<extension point="xbmc.addon.metadata">
		<summary lang="en">Addons for Kodi</summary>
		<description lang="en">Addons for Kodi</description>
		<genre>other,german</genre>
	</extension>
</addon>